market,strategy,trades,total_return_pct,max_drawdown_pct,win_rate_pct,sharpe
KRW-BTC,sma_cross_20_80,18,6.909288164599836,-10.715117720812284,49.2439184746877,0.842657203190513
KRW-BTC,ema_cross_12_48,35,-1.7356355231983756,-17.670309404065776,48.79948085658663,-0.03642105758030011
KRW-BTC,trend_sma50_200,46,1.282299860350955,-8.00312771558196,48.8456865127582,0.2853368678680568
KRW-BTC,donchian_20_10,45,-7.96676978822134,-15.90414035778437,47.575250836120404,-0.7658936868835405
KRW-BTC,momentum_24_120,70,-12.22436988971558,-12.594987227646959,46.52173913043478,-2.1830304107233887
KRW-BTC,rsi_reversion_30_55,43,-19.89723826452322,-25.873965130466893,46.904761904761905,-2.3171830561107853
KRW-BTC,bb_reversion_20_2,48,-21.066702911014247,-26.81330791820121,46.61835748792271,-2.525739189241386
KRW-BTC,breakout_close_k05,351,-41.42638918625333,-41.61120235600261,36.79012345679013,-9.51332769363942
KRW-XRP,sma_cross_20_80,29,-29.53834389672767,-31.21913027832167,44.43528441879637,-2.7799420589926007
KRW-XRP,ema_cross_12_48,36,-25.95151185978399,-28.994519124862308,45.69037656903765,-2.2545370633288018
KRW-XRP,trend_sma50_200,54,-11.675864874804187,-20.66632718060697,46.85314685314685,-1.2708228589088688
KRW-XRP,donchian_20_10,38,-11.623846693388861,-20.849108984998587,45.76086956521739,-0.8365966591548624
KRW-XRP,momentum_24_120,65,-18.970138337392317,-22.945073766209777,45.10250569476082,-2.106740468609528
KRW-XRP,rsi_reversion_30_55,57,-18.39502917796737,-31.317332799406593,44.981751824817515,-1.3504114859013083
KRW-XRP,bb_reversion_20_2,54,-14.790894579560343,-27.29924201299927,45.00574052812859,-1.1383397009135505
KRW-XRP,breakout_close_k05,256,-25.547664449174988,-27.002284302714397,36.78929765886287,-3.7248256715884778
KRW-ETH,sma_cross_20_80,21,-12.499783118186814,-16.84036699983915,46.749452154857565,-0.910611963847402
KRW-ETH,ema_cross_12_48,40,-18.374346794341122,-23.875865449806867,45.91690544412608,-1.4363497182756735
KRW-ETH,trend_sma50_200,42,-2.6825861246204896,-8.49459609644988,48.33625218914185,-0.1695957244674833
KRW-ETH,donchian_20_10,35,-10.464113640577178,-17.386340245158483,46.270161290322584,-0.8204618392641937
KRW-ETH,momentum_24_120,77,-20.26249829035619,-20.26249829035619,44.905660377358494,-2.458781254132408
KRW-ETH,rsi_reversion_30_55,44,-32.73771455257328,-34.88027197912247,46.616541353383454,-2.981089373780694
KRW-ETH,bb_reversion_20_2,52,-27.376466274459656,-34.32279560742999,47.89719626168225,-2.371597364569549
KRW-ETH,breakout_close_k05,286,-23.129644339668477,-23.94744117693326,39.45783132530121,-3.6702291139569
KRW-POLYX,sma_cross_20_80,32,-39.93295307449187,-47.1652817023181,42.922723794950265,-1.4844924865602045
KRW-POLYX,ema_cross_12_48,49,-28.26941424251007,-36.755979355940205,43.735933983495876,-0.7052661150469977
KRW-POLYX,trend_sma50_200,41,-19.32380554403631,-40.120573473053646,43.84748700173311,-0.5773224777256581
KRW-POLYX,donchian_20_10,37,0.5360690249976319,-28.66849416484527,44.78976234003657,0.4171379978216761
KRW-POLYX,momentum_24_120,108,-41.7561738001482,-50.32711608067119,42.45115452930728,-1.7765362164008038
KRW-POLYX,rsi_reversion_30_55,44,-17.72914935001123,-35.64849409809649,44.72527472527473,-0.963520033177102
KRW-POLYX,bb_reversion_20_2,50,-0.14236624611961846,-26.12098798179331,47.18792866941015,0.18502375751016442
KRW-POLYX,breakout_close_k05,312,-65.87318514668345,-66.5156569000048,35.694822888283376,-5.789113570292559
KRW-DRIFT,sma_cross_20_80,26,-56.17398876404718,-61.72542087053267,33.998100664767335,-1.7661103524905344
KRW-DRIFT,ema_cross_12_48,38,-63.099136749333205,-68.56549866744652,34.61538461538461,-2.3282025010287306
KRW-DRIFT,trend_sma50_200,32,-41.71363190690573,-46.806979507952796,31.360946745562128,-2.3135669481215593
KRW-DRIFT,donchian_20_10,30,-53.52336054042475,-61.75552574358345,33.12034078807242,-1.7834858246047
KRW-DRIFT,momentum_24_120,77,-58.9997529456203,-61.888432423124144,34.930139720558884,-2.3880362167450913
KRW-DRIFT,rsi_reversion_30_55,61,13.960918383874677,-33.82799717962401,39.963167587476974,0.8623922232516488
KRW-DRIFT,bb_reversion_20_2,60,30.744865419904443,-30.827755207901298,39.77653631284917,1.4386778654538066
KRW-DRIFT,breakout_close_k05,224,-74.90440897248168,-75.43200238782487,27.238805970149254,-5.778946018150638
KRW-DOGE,sma_cross_20_80,28,-37.634236054005385,-44.79351426393503,29.322268326417706,-2.3070746390508488
KRW-DOGE,ema_cross_12_48,46,-34.24726775660773,-42.36359337090631,29.61622013034033,-2.025900046910298
KRW-DOGE,trend_sma50_200,53,-17.216975866804717,-28.803058883524223,28.942807625649912,-1.4095451545509847
KRW-DOGE,donchian_20_10,25,-27.105873737136765,-38.11195842316537,29.8932384341637,-1.6818660509940957
KRW-DOGE,momentum_24_120,108,-43.239979103533585,-47.83034224492475,28.785046728971963,-4.163510003474594
KRW-DOGE,rsi_reversion_30_55,47,-18.93262568655788,-32.42881508284984,29.474812433011788,-1.2715984170039252
KRW-DOGE,bb_reversion_20_2,57,19.186959948904025,-16.666666666666686,31.472081218274113,1.493303003906653
KRW-DOGE,breakout_close_k05,207,-51.70831125315939,-51.70831125315939,21.49122807017544,-8.709514155970615
KRW-STORJ,sma_cross_20_80,30,-23.754827836301807,-36.1508759887146,31.794871794871792,-0.5664292121294583
KRW-STORJ,ema_cross_12_48,47,-33.665671218738616,-55.21993671103998,30.663780663780667,-0.8675333016499038
KRW-STORJ,trend_sma50_200,78,-48.98790905216188,-50.032358630662955,28.990228013029316,-2.817375679201592
KRW-STORJ,donchian_20_10,31,-13.684650002314092,-38.88440858606255,30.729701952723538,-0.09230215928179106
KRW-STORJ,momentum_24_120,110,-43.134788260366044,-56.62831459426256,29.690346083788704,-1.678273638354845
KRW-STORJ,rsi_reversion_30_55,45,1.6046693161282155,-23.106138166948064,33.70786516853933,0.34906630494624635
KRW-STORJ,bb_reversion_20_2,53,34.98504610785784,-14.290227113095055,36.61971830985916,2.0083783979797594
KRW-STORJ,breakout_close_k05,286,-58.744573639213904,-66.05648507264526,21.818181818181817,-4.3661437147983175
KRW-SAHARA,sma_cross_20_80,21,61.67347990883654,-34.23363581841912,42.245199409158054,1.71424510009017
KRW-SAHARA,ema_cross_12_48,34,101.47724747357528,-34.5512668022627,41.13090627420604,2.178016722235135
KRW-SAHARA,trend_sma50_200,49,8.965027338988452,-42.01872210254286,41.47909967845659,0.7785202068711721
KRW-SAHARA,donchian_20_10,36,-2.476141508606844,-41.83669229999819,39.273049645390074,0.5114217276567253
KRW-SAHARA,momentum_24_120,89,-19.419552102735203,-45.239772087731545,40.0,0.09028663926920051
KRW-SAHARA,rsi_reversion_30_55,52,-13.07463008695301,-44.64066600575273,40.83570750237417,-0.09823174797703361
KRW-SAHARA,bb_reversion_20_2,48,5.173087306669122,-22.306651359498296,42.214111922141115,0.5418582849022463
KRW-SAHARA,breakout_close_k05,272,-38.64254855824791,-52.70387720848362,38.368580060422964,-1.3794825474960164
KRW-FF,sma_cross_20_80,32,-63.37089914872522,-67.60875215333691,28.888888888888886,-4.080632228468588
KRW-FF,ema_cross_12_48,58,-52.225255399104874,-63.94717819642661,28.01652892561983,-0.6808006612919947
KRW-FF,trend_sma50_200,83,-42.894433708464554,-59.56367828304342,28.007518796992482,-0.43689799570973276
KRW-FF,donchian_20_10,31,-49.65348143035515,-54.475491658764,26.455906821963392,-0.5994157340354874
KRW-FF,momentum_24_120,136,-61.50282051619315,-71.26502861530778,26.902654867256636,-1.1157677571590012
KRW-FF,rsi_reversion_30_55,45,16.53636015855413,-19.399587867333313,31.968295904887718,1.1650049269110028
KRW-FF,bb_reversion_20_2,58,34.88882830842854,-17.37559372779063,34.12112259970458,2.2462802960162356
KRW-FF,breakout_close_k05,266,-44.245552179963724,-68.82521031987332,19.230769230769234,-0.553011119909054
KRW-SOL,sma_cross_20_80,23,-13.03399845466523,-24.402078360451608,45.46732255797611,-0.9096417121125152
KRW-SOL,ema_cross_12_48,42,-21.41034527543384,-32.26391481705249,44.20600858369099,-1.6696786591993948
KRW-SOL,trend_sma50_200,56,-15.689205507195814,-22.48099229334305,43.80165289256198,-1.753934235363491
KRW-SOL,donchian_20_10,39,-17.20000627562137,-25.94403880998053,44.95985727029438,-1.4026859979634914
KRW-SOL,momentum_24_120,72,-13.070998377404786,-20.825006721648474,44.48669201520912,-1.4616323161695899
KRW-SOL,rsi_reversion_30_55,44,-42.21102836241363,-43.38381275286295,43.438453713123096,-3.72133622655733
KRW-SOL,bb_reversion_20_2,54,-36.635298861068165,-39.48681961907221,43.4878587196468,-3.2381987674405845
KRW-SOL,breakout_close_k05,270,-30.280326276705228,-30.675497520980667,37.45819397993311,-5.249321510613237
KRW-ONDO,sma_cross_20_80,30,-1.0072809036488328,-33.276071697038965,41.01123595505618,0.24614984008851984
KRW-ONDO,ema_cross_12_48,44,-12.357229368680422,-42.53976503939434,40.38179148311307,-0.3310708675811333
KRW-ONDO,trend_sma50_200,52,10.399356019547445,-28.896787712883455,39.970059880239525,0.8504278802925072
KRW-ONDO,donchian_20_10,41,-27.254534029535204,-47.67804113067777,39.28905519176801,-1.3517858876731177
KRW-ONDO,momentum_24_120,88,-19.79362658874625,-40.6354639213229,39.61988304093567,-1.090649645025274
KRW-ONDO,rsi_reversion_30_55,50,-37.10867649950067,-42.0157855120173,39.76945244956772,-2.670834738457156
KRW-ONDO,bb_reversion_20_2,47,-20.049161390748903,-26.24538921224422,40.7035175879397,-1.4086517796464726
KRW-ONDO,breakout_close_k05,261,-5.015302305934544,-19.285464882814342,41.66666666666667,-0.23181744569389423
KRW-SUI,sma_cross_20_80,21,-14.411551338305939,-34.6179381199799,44.61778471138845,-0.6946303050141637
KRW-SUI,ema_cross_12_48,38,-8.509751938862165,-32.72126264628996,44.78577202910267,-0.2642801387203651
KRW-SUI,trend_sma50_200,36,16.01046442956182,-20.052535779121982,47.2318339100346,1.2761658017432216
KRW-SUI,donchian_20_10,41,-22.541624527919534,-39.85827061121766,43.18869828456105,-1.3613208613859298
KRW-SUI,momentum_24_120,72,0.5444643918766978,-28.564958859555702,44.3859649122807,0.236088480787461
KRW-SUI,rsi_reversion_30_55,52,-31.6530297815491,-46.09142916999017,45.645645645645644,-2.2228761530858803
KRW-SUI,bb_reversion_20_2,56,-12.743753339474361,-27.523756872478998,47.146118721461185,-0.7308347563842313
KRW-SUI,breakout_close_k05,258,-23.24835641929609,-33.05946439238882,39.935064935064936,-2.524705853416055
KRW-XLM,sma_cross_20_80,23,-14.584424555943832,-25.633813290002706,36.03082851637765,-1.0088878258992373
KRW-XLM,ema_cross_12_48,34,-15.182840192883074,-26.914205572514728,37.01657458563536,-0.9702203844648984
KRW-XLM,trend_sma50_200,47,-18.480602011461123,-26.809188234277016,34.48275862068966,-2.0626271785960655
KRW-XLM,donchian_20_10,28,-17.858947280650426,-29.949151219668124,35.21400778210117,-1.2472338675539434
KRW-XLM,momentum_24_120,72,-14.62055513444337,-21.739656773976577,36.52694610778443,-1.4143405808666403
KRW-XLM,rsi_reversion_30_55,53,-20.487837395219866,-26.033343688490383,33.27205882352941,-1.500672004632413
KRW-XLM,bb_reversion_20_2,58,6.577079531373875,-16.731517509727624,35.11543134872418,0.7133896018850273
KRW-XLM,breakout_close_k05,187,-33.22448905548032,-34.69948581244602,29.383886255924168,-5.572789564148949
KRW-ZBT,sma_cross_20_80,23,7.545727853886874,-56.57507696732276,35.32651455546814,0.8329414662772384
KRW-ZBT,ema_cross_12_48,46,-32.18133505531194,-54.25295294608574,34.82786228983187,-0.13254618676019933
KRW-ZBT,trend_sma50_200,65,-40.51697959152366,-52.509771847908326,35.18776077885953,-0.5825258799339544
KRW-ZBT,donchian_20_10,30,-36.558740047327106,-55.2569782543898,35.547240411599624,-0.3948645330932914
KRW-ZBT,momentum_24_120,115,-54.966512815702814,-63.517693531172426,35.580524344569284,-1.198484896949359
KRW-ZBT,rsi_reversion_30_55,50,18.939982707784054,-28.789991651509695,35.00545256270447,1.0677150971740164
KRW-ZBT,bb_reversion_20_2,44,7.641577240959796,-19.82510494735884,34.22712933753943,0.6700496809344185
KRW-ZBT,breakout_close_k05,262,-74.00487669990952,-78.8034047417334,30.74433656957929,-3.8963060450057645
KRW-ADA,sma_cross_20_80,31,-35.82186589530089,-38.38721202194174,36.85800604229607,-2.836794325854643
KRW-ADA,ema_cross_12_48,44,-41.443493107011264,-47.61970199454005,35.30326594090202,-3.5440215947816833
KRW-ADA,trend_sma50_200,50,-23.675840412418626,-31.651168168408894,34.44881889763779,-2.6717491583469863
KRW-ADA,donchian_20_10,36,-19.327302750668206,-28.235390196800836,37.34115347018573,-1.435084551806853
KRW-ADA,momentum_24_120,67,-27.61993130934891,-31.595353693478778,35.09803921568627,-3.1702615149679696
KRW-ADA,rsi_reversion_30_55,51,-18.976389829235764,-27.38803029439023,39.173228346456696,-1.386591512523995
KRW-ADA,bb_reversion_20_2,49,-12.80448356451126,-23.108409823545983,39.76878612716763,-0.9168821606832973
KRW-ADA,breakout_close_k05,255,-32.99560182140249,-35.17138566280234,32.87671232876712,-4.620400433238531
KRW-ORCA,sma_cross_20_80,23,38.57420212701235,-38.65604433668166,45.962732919254655,1.3466027646060303
KRW-ORCA,ema_cross_12_48,42,9.097339523549653,-48.56703291898833,44.743276283618584,0.9106734405534009
KRW-ORCA,trend_sma50_200,38,58.38630155820241,-46.84974619364623,46.20253164556962,1.5957004751668247
KRW-ORCA,donchian_20_10,39,58.87535873983572,-32.78112419407238,45.54759467758444,1.6199430100720635
KRW-ORCA,momentum_24_120,87,36.12053631228418,-49.30693864189488,44.984802431610944,1.3033816664401912
KRW-ORCA,rsi_reversion_30_55,43,-29.355680764473846,-48.2852946114136,44.6078431372549,-0.861030709725004
KRW-ORCA,bb_reversion_20_2,55,-20.655139157089085,-34.480994847665826,45.77226606538895,-0.9045565104379616
KRW-ORCA,breakout_close_k05,305,-57.4254266047282,-60.86262585945978,39.733333333333334,-2.14148045040649
KRW-VIRTUAL,sma_cross_20_80,22,-11.887691178174553,-31.865048249726392,46.85466377440347,-0.18602199812318906
KRW-VIRTUAL,ema_cross_12_48,41,-33.42973433303613,-48.479663640818835,45.87786259541985,-1.3984453815890954
KRW-VIRTUAL,trend_sma50_200,53,-3.6507386010546705,-34.49490917928234,47.00598802395209,0.03766036350412309
KRW-VIRTUAL,donchian_20_10,40,-26.444309789341702,-45.103027218475866,46.660808435852374,-0.9652288037054371
KRW-VIRTUAL,momentum_24_120,91,-38.41186359372427,-41.15462956909395,44.80431848852901,-2.2501367520963624
KRW-VIRTUAL,rsi_reversion_30_55,57,-23.57777944784264,-37.3839947969975,45.37264537264537,-1.0679221017765719
KRW-VIRTUAL,bb_reversion_20_2,51,-8.756111068053418,-26.400117809333345,44.576877234803334,-0.28213793148134175
KRW-VIRTUAL,breakout_close_k05,276,-21.965112529623777,-30.338485243904767,43.154761904761905,-1.3704964449849195
KRW-KITE,sma_cross_20_80,22,42.88488044810066,-39.98801300052987,42.99116997792494,1.463319197853885
KRW-KITE,ema_cross_12_48,38,43.404744691407046,-45.191780850842036,43.15492957746479,1.4755430166074106
KRW-KITE,trend_sma50_200,77,-10.438318573498773,-50.00617442762607,43.67034834324554,0.20871996486958663
KRW-KITE,donchian_20_10,43,-8.586076521101393,-41.89295850824145,43.07574598316756,0.2925136781840679
KRW-KITE,momentum_24_120,125,-35.98864198128435,-52.04600167098135,43.776824034334766,-0.7263462302042882
KRW-KITE,rsi_reversion_30_55,47,61.97316290555801,-41.32650516530349,42.0125786163522,2.11738799403159
KRW-KITE,bb_reversion_20_2,36,17.028553861447215,-31.804092754664126,38.63636363636363,1.0228951512617885
KRW-KITE,breakout_close_k05,339,-68.81167092404309,-69.05543327495229,38.34586466165413,-5.1018438913422015
KRW-CHZ,sma_cross_20_80,21,5.597830277660609,-35.597141281233924,46.04966139954853,0.5671495479332656
KRW-CHZ,ema_cross_12_48,34,26.567337737594833,-28.797628808718912,45.53956834532374,1.3706693202746734
KRW-CHZ,trend_sma50_200,46,-3.441178749396534,-18.43967424491225,46.727549467275495,-0.022912386394615254
KRW-CHZ,donchian_20_10,43,-27.176597045189254,-36.429881077830004,43.81121994657168,-1.2722158999260682
KRW-CHZ,momentum_24_120,99,-6.386123922964337,-25.19613916835247,45.18413597733711,-0.1281370327491424
KRW-CHZ,rsi_reversion_30_55,44,-35.3053041851746,-40.16361820725699,43.764434180138565,-2.6042578583809948
KRW-CHZ,bb_reversion_20_2,49,-14.207279034590636,-25.983439591856495,45.82309582309582,-0.7903933164922697
KRW-CHZ,breakout_close_k05,307,-50.24360364726959,-51.399873459477604,39.3048128342246,-5.417083816060119
KRW-BIO,sma_cross_20_80,21,31.283521257263637,-48.72803285203599,42.655601659751035,1.2424556683781038
KRW-BIO,ema_cross_12_48,34,56.807672189084954,-46.36056696836399,42.90780141843972,1.6474004785627117
KRW-BIO,trend_sma50_200,54,12.074464542039776,-51.07781755101512,42.244224422442244,0.83124213103479
KRW-BIO,donchian_20_10,32,97.34158149271121,-42.37627703613427,42.95499021526419,2.2047038662050107
KRW-BIO,momentum_24_120,90,37.12046017490107,-39.68927131148576,42.589928057553955,1.345708469346383
KRW-BIO,rsi_reversion_30_55,53,-46.99830704811703,-51.457273821439856,42.833333333333336,-1.9826369879445016
KRW-BIO,bb_reversion_20_2,46,-53.09245128088885,-56.798283057313725,41.43019296254257,-3.0397155337353268
KRW-BIO,breakout_close_k05,260,-2.557327914464047,-34.34734138248263,37.5,0.27190737438645046
KRW-CVC,sma_cross_20_80,27,-29.329289745036526,-30.57547421165131,40.0665004156276,-1.5953296250041296
KRW-CVC,ema_cross_12_48,48,-45.08993905123809,-46.465091580362824,39.03878583473862,-2.7500308604191974
KRW-CVC,trend_sma50_200,55,-23.846371571273174,-32.42208139358218,39.02439024390244,-1.6313039938938525
KRW-CVC,donchian_20_10,36,-40.73417313093335,-43.36244939469941,39.690222652468535,-2.385852967207647
KRW-CVC,momentum_24_120,100,-41.06189428502379,-41.43623102816253,36.84210526315789,-2.771751763226616
KRW-CVC,rsi_reversion_30_55,51,12.485081903725547,-16.862745098039213,43.67436743674367,1.0595923142727115
KRW-CVC,bb_reversion_20_2,59,1.9728404878135875,-16.615684310899525,45.20725388601036,0.33876398383929573
KRW-CVC,breakout_close_k05,298,-55.00781506416399,-55.46151196400315,31.68044077134986,-5.811229590829936
KRW-IP,sma_cross_20_80,18,-48.04224389216161,-57.55545540529634,41.06951871657754,-2.864184681607493
KRW-IP,ema_cross_12_48,36,-52.443525634908084,-71.38480238182647,41.458106637649614,-2.9705037465824664
KRW-IP,trend_sma50_200,18,3.0087603192734624,-14.613669453833555,41.21863799283154,0.41950112561183245
KRW-IP,donchian_20_10,31,-20.57110477082048,-59.32846981764972,40.719424460431654,-0.7380703514062843
KRW-IP,momentum_24_120,70,-38.37040637808891,-48.2373718801242,38.17204301075269,-3.3245766546027373
KRW-IP,rsi_reversion_30_55,58,-42.27494466709818,-53.09150466089725,43.56435643564357,-1.6820169231790214
KRW-IP,bb_reversion_20_2,52,-29.85036994850836,-37.69850343301172,43.859649122807014,-1.2078704385941967
KRW-IP,breakout_close_k05,213,-22.025167308315552,-37.37962979069876,41.03585657370518,-1.535566685924958
KRW-LINK,sma_cross_20_80,25,-31.414518588648164,-36.423821925734835,45.1588502269289,-2.7882980933305856
KRW-LINK,ema_cross_12_48,40,-19.806219591853857,-28.543016679940692,44.199706314243755,-1.4859754614673493
KRW-LINK,trend_sma50_200,61,-19.517962046684033,-23.34830339104863,44.09340659340659,-2.1026010799574557
KRW-LINK,donchian_20_10,43,-14.422594564482448,-23.953563592702455,44.168260038240916,-1.1470817711881998
KRW-LINK,momentum_24_120,80,-19.663881726723954,-25.04643357941212,43.13725490196079,-2.264731398274605
KRW-LINK,rsi_reversion_30_55,49,-23.99356125180272,-29.58178030909999,46.51898734177215,-2.0009669608474896
KRW-LINK,bb_reversion_20_2,52,-20.23935345467841,-29.114457943841966,48.24462061155153,-1.7072056526788935
KRW-LINK,breakout_close_k05,298,-31.990417450926913,-33.175684880225496,40.92219020172911,-4.939521800384396
KRW-DKA,sma_cross_20_80,22,-31.362440847943862,-45.248158632745316,44.80578139114724,-0.5034380667408163
KRW-DKA,ema_cross_12_48,40,-45.750659629665556,-59.66310504177568,42.51734390485629,-1.0186561978842308
KRW-DKA,trend_sma50_200,47,-46.85975905551677,-58.92290884532514,41.9753086419753,-1.8249882012185743
KRW-DKA,donchian_20_10,35,-55.88961519555915,-61.37266093654916,43.101604278074866,-1.8619417130021654
KRW-DKA,momentum_24_120,69,-14.630085807835002,-46.19105418985456,44.8559670781893,0.06894586328315584
KRW-DKA,rsi_reversion_30_55,50,8.135550764542177,-39.06696644347267,49.052132701421804,0.6723550169334988
KRW-DKA,bb_reversion_20_2,55,2.8340324025319052,-26.333132679045935,49.368686868686865,0.40471129097598185
KRW-DKA,breakout_close_k05,244,-54.94470836459053,-54.94470836459053,35.11705685618729,-2.5521687238773887
KRW-SHIB,sma_cross_20_80,31,-40.421444031723375,-41.87391200225134,41.52876280535855,-3.4212365287343207
KRW-SHIB,ema_cross_12_48,48,-36.50170457022731,-39.81362693262902,41.30794701986755,-2.9522288710225437
KRW-SHIB,trend_sma50_200,49,-20.021031203516614,-29.776860152164975,43.99293286219081,-2.2782134935453913
KRW-SHIB,donchian_20_10,34,-30.26833218303082,-32.716815300878025,40.64064064064064,-2.464284958537228
KRW-SHIB,momentum_24_120,75,-24.706241691081466,-26.989409353573368,42.62948207171315,-2.6484345910196296
KRW-SHIB,rsi_reversion_30_55,54,-2.0668299744676655,-22.3410843775524,42.67453294001967,0.008244531412873355
KRW-SHIB,bb_reversion_20_2,61,5.6890131448415815,-16.58291457286435,41.56560088202866,0.6288620285584059
KRW-SHIB,breakout_close_k05,251,-40.42378239103117,-41.24188934527213,40.33333333333333,-6.573089924400298
KRW-TRUMP,sma_cross_20_80,25,-34.806617209690046,-41.77764047805114,45.08108108108108,-1.9559205760305198
KRW-TRUMP,ema_cross_12_48,34,-21.060854964597375,-38.18383621263338,45.92760180995475,-0.8661824150934523
KRW-TRUMP,trend_sma50_200,30,-33.85197392390589,-34.87337734034344,43.7888198757764,-2.9660359957123714
KRW-TRUMP,donchian_20_10,34,-15.354491918020152,-32.71275283465766,46.13180515759313,-0.6369249926916623
KRW-TRUMP,momentum_24_120,56,-7.537761579020796,-29.224838280318888,46.55581947743468,-0.209355990324554
KRW-TRUMP,rsi_reversion_30_55,54,-37.858119610639996,-41.74009439357018,45.81967213114754,-2.5135925703236777
KRW-TRUMP,bb_reversion_20_2,54,-32.40982494040363,-40.96316765979843,46.264367816091955,-2.4295490901000307
KRW-TRUMP,breakout_close_k05,220,-8.078424367486313,-21.177332847469486,41.57303370786517,-0.449997937039947
KRW-ENA,sma_cross_20_80,20,27.341272313253228,-21.290216051190413,36.434108527131784,1.4169051904724663
KRW-ENA,ema_cross_12_48,35,8.791750686498556,-27.627944644984083,36.298292902066486,0.7029242146923613
KRW-ENA,trend_sma50_200,43,1.8118517293753023,-20.27641300981805,35.551330798479086,0.3503707463066999
KRW-ENA,donchian_20_10,26,6.183025301022949,-32.24302189670335,36.50952858575727,0.5923549875454015
KRW-ENA,momentum_24_120,66,-7.190632440521105,-25.12109164482208,37.81362007168459,-0.15788813879043334
KRW-ENA,rsi_reversion_30_55,53,-37.484795320751964,-50.19421274888132,34.96376811594203,-2.1700721277726878
KRW-ENA,bb_reversion_20_2,53,-31.499298246790573,-38.88585844766529,35.033259423503324,-1.869917493151326
KRW-ENA,breakout_close_k05,227,-53.190007206244715,-56.17003449958674,30.078125,-6.145291298943435
KRW-NEAR,sma_cross_20_80,20,7.616492139410069,-21.655644769920002,47.88507581803671,0.6729729795546128
KRW-NEAR,ema_cross_12_48,27,30.35445894632518,-17.813096295575214,48.585286984640256,1.7208078054647968
KRW-NEAR,trend_sma50_200,47,-4.512247152723647,-21.813791266514126,48.24191279887483,-0.10196736342600614
KRW-NEAR,donchian_20_10,38,2.146940419999255,-22.29070835839817,48.042328042328045,0.36966012006805427
KRW-NEAR,momentum_24_120,76,10.679942310455036,-18.01929714402678,47.24409448818898,0.8960587718168994
KRW-NEAR,rsi_reversion_30_55,53,0.132534296501996,-27.091838456716687,48.72549019607843,0.22429488310590132
KRW-NEAR,bb_reversion_20_2,62,14.857420989687164,-17.01974803654771,49.75609756097561,1.2011109754733624
KRW-NEAR,breakout_close_k05,283,-27.859853197392525,-30.534989486355602,45.614035087719294,-2.883821489170162
KRW-FLOCK,sma_cross_20_80,25,-31.443073351687357,-58.41528013629812,43.65853658536585,-0.7191897043888756
KRW-FLOCK,ema_cross_12_48,41,-37.641954333865215,-56.69248236107961,42.28295819935691,-0.9403887126136955
KRW-FLOCK,trend_sma50_200,56,-45.22590817765588,-58.40128706416051,40.11142061281337,-1.7750279866211809
KRW-FLOCK,donchian_20_10,41,-52.580860771666174,-66.80708087527837,41.69520547945205,-1.9222565028518612
KRW-FLOCK,momentum_24_120,109,-57.404266558515474,-67.18918162020945,39.499304589707926,-2.5134674348601713
KRW-FLOCK,rsi_reversion_30_55,48,-0.46788522600369475,-21.810344827586203,44.07364787111623,0.2782055343642189
KRW-FLOCK,bb_reversion_20_2,47,15.088873442144202,-21.489829150511486,44.903988183161005,1.0558177384937042
KRW-FLOCK,breakout_close_k05,303,-73.17735938896234,-75.11532638770791,31.30434782608696,-6.438777156514063
KRW-INJ,sma_cross_20_80,22,2.648743399470743,-32.75037442795266,47.46227709190672,0.4342679303427424
KRW-INJ,ema_cross_12_48,45,-24.85014807698458,-53.63246604607195,47.27272727272727,-0.9650139953030725
KRW-INJ,trend_sma50_200,55,-2.712028732493188,-26.925089824366143,48.852901484480434,0.1406863382268384
KRW-INJ,donchian_20_10,40,3.936500551042754,-40.31748223575449,49.01758014477766,0.49003124202323123
KRW-INJ,momentum_24_120,88,-25.77014278488752,-39.23720095386548,47.98331015299026,-1.3101517486474514
KRW-INJ,rsi_reversion_30_55,48,-1.3706018231858352,-31.464241386205728,46.81769147788565,0.24004812283297644
KRW-INJ,bb_reversion_20_2,57,37.911309413034935,-26.272264180159198,49.451887941534714,1.8110341650048862
KRW-INJ,breakout_close_k05,317,-57.358065017982995,-58.51118260161967,42.857142857142854,-5.786344550386181
KRW-XPL,sma_cross_20_80,22,5.151966029114208,-36.830088280536636,38.333333333333336,0.6515026580716154
KRW-XPL,ema_cross_12_48,33,12.983916879749358,-35.98505555385887,39.07766990291262,0.8628546551456394
KRW-XPL,trend_sma50_200,41,6.766465213832107,-36.325744341899465,41.65435745937962,0.6580706929255629
KRW-XPL,donchian_20_10,32,-9.294129379625138,-47.76682651789492,37.95066413662239,0.15932445020236416
KRW-XPL,momentum_24_120,73,-12.08439819204653,-42.67780249332199,39.73856209150327,0.034053412530843465
KRW-XPL,rsi_reversion_30_55,55,-32.29977801072735,-39.80040242693974,36.63967611336032,-1.38871679259828
KRW-XPL,bb_reversion_20_2,50,-30.67874208214294,-39.86403292902284,37.98256537982566,-1.4594783314567157
KRW-XPL,breakout_close_k05,228,-9.574303062230548,-28.353422023032294,37.407407407407405,-0.08352450588481944
